Release Date,Year,Movie Title, Budget , Domestic Gross , Worldwide Gross 
4/23/2019,2019,Avengers: Endgame,"  $400,000,000 ","  $858,373,000 ","  $2,797,800,564 "
5/20/2011,2011,Pirates of the Caribbean: On Stranger Tides,"  $379,000,000 ","  $241,071,802 ","  $1,045,713,802 "
4/22/2015,2015,Avengers: Age of Ultron,"  $365,000,000 ","  $459,005,868 ","  $1,395,316,979 "
12/16/2015,2015,Star Wars Ep. VII: The Force Awakens,"  $306,000,000 ","  $936,662,225 ","  $2,064,615,817 "
4/25/2018,2018,Avengers: Infinity War,"  $300,000,000 ","  $678,815,482 ","  $2,044,540,523 "
5/24/2007,2007,Pirates of the Caribbean: At Worlds End,"  $300,000,000 ","  $309,420,425 ","  $960,996,492 "
11/13/2017,2017,Justice League,"  $300,000,000 ","  $229,024,295 ","  $655,945,209 "
10/6/2015,2015,Spectre,"  $300,000,000 ","  $200,074,175 ","  $879,500,760 "
12/18/2019,2019,Star Wars: The Rise of Skywalker,"  $275,000,000 ","  $515,202,542 ","  $1,072,848,487 "
5/23/2018,2018,Solo: A Star Wars Story,"  $275,000,000 ","  $213,767,512 ","  $393,151,347 "
3/7/2012,2012,John Carter,"  $263,700,000 ","  $73,058,679 ","  $282,778,100 "
3/23/2016,2016,Batman v Superman: Dawn of Justice,"  $263,000,000 ","  $330,360,194 ","  $872,395,091 "
7/11/2019,2019,The Lion King,"  $260,000,000 ","  $543,638,043 ","  $1,654,381,934 "
11/24/2010,2010,Tangled,"  $260,000,000 ","  $200,821,936 ","  $585,574,317 "
5/4/2007,2007,Spider-Man 3,"  $258,000,000 ","  $336,530,303 ","  $894,860,230 "
4/22/2016,2016,Captain America: Civil War,"  $250,000,000 ","  $408,084,349 ","  $1,151,918,521 "
7/15/2009,2009,Harry Potter and the Half-Blood Prince,"  $250,000,000 ","  $302,089,278 ","  $930,673,167 "
12/12/2013,2013,The Hobbit: The Desolation of Smaug,"  $250,000,000 ","  $258,241,522 ","  $959,358,436 "
12/10/2014,2014,The Hobbit: The Battle of the Five Armies,"  $250,000,000 ","  $255,119,788 ","  $941,560,732 "
4/7/2017,2017,The Fate of the Furious,"  $250,000,000 ","  $225,764,765 ","  $1,236,703,796 "
9/30/2021,2021,No Time to Die,"  $250,000,000 ",  $0 ,  $457 
12/17/2009,2009,Avatar,"  $237,000,000 ","  $760,507,625 ","  $2,845,899,541 "
6/28/2006,2006,Superman Returns,"  $232,000,000 ","  $200,120,000 ","  $391,081,192 "
7/19/2012,2012,The Dark Knight Rises,"  $230,000,000 ","  $448,139,099 ","  $1,082,228,107 "
5/23/2017,2017,Pirates of the Caribbean: Dead Men Tell No Tales,"  $230,000,000 ","  $172,558,876 ","  $794,861,794 "
11/14/2008,2008,Quantum of Solace,"  $230,000,000 ","  $169,368,427 ","  $591,692,078 "
4/25/2012,2012,The Avengers,"  $225,000,000 ","  $623,357,910 ","  $1,515,100,211 "
7/6/2006,2006,Pirates of the Caribbean: Dead Man’s Chest,"  $225,000,000 ","  $423,315,812 ","  $1,066,179,725 "
6/14/2013,2013,Man of Steel,"  $225,000,000 ","  $291,045,518 ","  $667,999,518 "
5/16/2008,2008,The Chronicles of Narnia: Prince Caspian,"  $225,000,000 ","  $141,621,490 ","  $417,341,288 "
7/2/2013,2013,The Lone Ranger,"  $225,000,000 ","  $89,302,115 ","  $260,002,115 "
6/27/2012,2012,The Amazing Spider-Man,"  $220,000,000 ","  $262,030,663 ","  $757,890,267 "
4/11/2012,2012,Battleship,"  $220,000,000 ","  $65,233,400 ","  $313,477,717 "
6/20/2017,2017,Transformers: The Last Knight,"  $217,000,000 ","  $130,168,683 ","  $602,893,340 "
6/9/2015,2015,Jurassic World,"  $215,000,000 ","  $652,306,625 ","  $1,669,979,967 "
5/23/2012,2012,Men in Black 3,"  $215,000,000 ","  $179,020,854 ","  $654,213,485 "
6/24/2009,2009,Transformers: Revenge of the Fallen,"  $210,000,000 ","  $402,111,870 ","  $836,519,699 "
6/25/2014,2014,Transformers: Age of Extinction,"  $210,000,000 ","  $245,439,076 ","  $1,104,054,072 "
5/26/2006,2006,X-Men: The Last Stand,"  $210,000,000 ","  $234,362,462 ","  $459,260,946 "
5/14/2010,2010,Robin Hood,"  $210,000,000 ","  $105,487,148 ","  $322,459,006 "
12/14/2005,2005,King Kong,"  $207,000,000 ","  $218,080,025 ","  $550,517,357 "
12/7/2007,2007,The Golden Compass,"  $205,000,000 ","  $70,107,728 ","  $367,262,558 "
8/26/2020,2020,Tenet,"  $205,000,000 ","  $57,929,000 ","  $361,875,852 "
2/13/2018,2018,Black Panther,"  $200,000,000 ","  $700,059,566 ","  $1,336,494,321 "
12/18/1997,1997,Titanic,"  $200,000,000 ","  $659,363,944 ","  $2,207,986,545 "
12/13/2017,2017,Star Wars Ep. VIII: The Last Jedi,"  $200,000,000 ","  $620,181,382 ","  $1,331,635,141 "
6/15/2018,2018,Incredibles 2,"  $200,000,000 ","  $608,581,744 ","  $1,242,805,359 "
12/14/2016,2016,Rogue One: A Star Wars Story,"  $200,000,000 ","  $532,177,324 ","  $1,055,135,598 "
6/16/2016,2016,Finding Dory,"  $200,000,000 ","  $486,295,561 ","  $1,025,006,125 "
6/20/2019,2019,Toy Story 4,"  $200,000,000 ","  $434,038,008 ","  $1,073,080,329 "
6/18/2010,2010,Toy Story 3,"  $200,000,000 ","  $415,004,880 ","  $1,068,879,522 "
4/24/2013,2013,Iron Man 3,"  $200,000,000 ","  $408,992,272 ","  $1,215,392,272 "
4/28/2017,2017,Guardians of the Galaxy Vol 2,"  $200,000,000 ","  $389,813,101 ","  $869,113,101 "
6/30/2004,2004,Spider-Man 2,"  $200,000,000 ","  $373,524,485 ","  $794,697,557 "
3/4/2010,2010,Alice in Wonderland,"  $200,000,000 ","  $334,191,110 ","  $1,025,491,110 "
10/26/2012,2012,Skyfall,"  $200,000,000 ","  $304,360,277 ","  $1,110,526,981 "
12/11/2012,2012,The Hobbit: An Unexpected Journey,"  $200,000,000 ","  $303,003,568 ","  $1,014,938,545 "
6/21/2013,2013,Monsters University,"  $200,000,000 ","  $268,488,329 ","  $743,455,810 "
3/8/2013,2013,Oz the Great and Powerful,"  $200,000,000 ","  $234,770,996 ","  $490,359,051 "
5/21/2014,2014,X-Men: Days of Future Past,"  $200,000,000 ","  $233,921,534 ","  $747,862,775 "
4/16/2014,2014,The Amazing Spider-Man 2,"  $200,000,000 ","  $202,853,933 ","  $708,996,336 "
6/23/2011,2011,Cars 2,"  $200,000,000 ","  $191,450,875 ","  $560,155,383 "
7/31/2019,2019,Fast & Furious Presents: Hobbs & Shaw,"  $200,000,000 ","  $173,956,935 ","  $760,374,590 "
12/17/2010,2010,Tron: Legacy,"  $200,000,000 ","  $172,062,763 ","  $399,866,199 "
11/12/2009,2009,2012,"  $200,000,000 ","  $166,112,167 ","  $757,677,748 "
11/14/2018,2018,Fantastic Beasts: The Crimes of Grindelwald,"  $200,000,000 ","  $159,555,901 ","  $651,280,475 "
7/7/2021,2021,Black Widow,"  $200,000,000 ","  $132,012,671 ","  $264,012,671 "
5/21/2009,2009,Terminator Salvation,"  $200,000,000 ","  $125,322,469 ","  $365,491,792 "
6/17/2011,2011,Green Lantern,"  $200,000,000 ","  $116,601,172 ","  $219,535,492 "
5/28/2010,2010,Prince of Persia: Sands of Time,"  $200,000,000 ","  $90,759,676 ","  $336,359,676 "
6/5/2019,2019,Dark Phoenix,"  $200,000,000 ","  $65,845,974 ","  $246,356,895 "
2/28/2020,2020,Onward,"  $200,000,000 ","  $61,555,145 ","  $133,337,294 "
12/16/2020,2020,Wonder Woman 1984,"  $200,000,000 ","  $46,530,051 ","  $166,089,247 "
9/4/2020,2020,Mulan,"  $200,000,000 ",  $0 ,"  $69,965,374 "
10/28/2021,2021,Eternals,"  $200,000,000 ",  $0 ,  $0 
6/29/2011,2011,Transformers: Dark of the Moon,"  $195,000,000 ","  $352,390,543 ","  $1,123,794,079 "
6/2/2017,2017,The Mummy,"  $195,000,000 ","  $80,101,125 ","  $409,953,905 "
2/27/2013,2013,Jack the Giant Slayer,"  $195,000,000 ","  $65,187,603 ","  $197,687,603 "
4/1/2015,2015,Furious 7,"  $190,000,000 ","  $353,007,020 ","  $1,516,881,526 "
5/16/2013,2013,Star Trek Into Darkness,"  $190,000,000 ","  $228,778,661 ","  $467,381,584 "
6/19/2013,2013,World War Z,"  $190,000,000 ","  $202,706,711 ","  $531,861,650 "
5/10/2013,2013,The Great Gatsby,"  $190,000,000 ","  $144,840,419 ","  $353,640,419 "
11/6/2009,2009,Disney’s A Christmas Carol,"  $190,000,000 ","  $137,855,863 ","  $315,709,697 "
7/11/2013,2013,Pacific Rim,"  $190,000,000 ","  $101,802,906 ","  $411,002,906 "
11/25/2015,2015,The Good Dinosaur,"  $187,500,000 ","  $123,087,120 ","  $333,771,037 "
5/2/2008,2008,Iron Man,"  $186,000,000 ","  $318,604,126 ","  $585,171,547 "
7/11/2008,2008,The Dark Knight,"  $185,000,000 ","  $533,720,947 ","  $999,046,281 "
5/22/2008,2008,Indiana Jones and the Kingdom of the Crystal Skull,"  $185,000,000 ","  $317,101,119 ","  $786,635,413 "
6/21/2012,2012,Brave,"  $185,000,000 ","  $237,282,182 ","  $554,606,532 "
2/23/2017,2017,Kong: Skull Island,"  $185,000,000 ","  $168,052,812 ","  $561,072,059 "
7/21/2016,2016,Star Trek Beyond,"  $185,000,000 ","  $158,848,340 ","  $335,673,708 "
10/17/2019,2019,Maleficent: Mistress of Evil,"  $185,000,000 ","  $113,929,605 ","  $489,346,495 "
9/29/2017,2017,Blade Runner 2049,"  $185,000,000 ","  $92,054,159 ","  $259,238,971 "
10/25/2019,2019,Terminator: Dark Fate,"  $185,000,000 ","  $62,253,077 ","  $250,372,367 "
5/22/2019,2019,Aladdin,"  $182,000,000 ","  $355,559,216 ","  $1,046,649,706 "
10/25/2017,2017,Thor: Ragnarok,"  $180,000,000 ","  $315,058,289 ","  $850,482,778 "
12/9/2005,2005,"The Chronicles of Narnia: The Lion, the Witch a…","  $180,000,000 ","  $291,710,957 ","  $720,539,572 "
5/28/2014,2014,Maleficent,"  $180,000,000 ","  $241,407,328 ","  $758,536,735 "
11/14/2016,2016,Fantastic Beasts and Where to Find Them,"  $180,000,000 ","  $234,037,575 ","  $811,724,385 "
6/27/2008,2008,WALL-E,"  $180,000,000 ","  $223,808,164 ","  $532,508,025 "
8/10/2007,2007,Rush Hour 3,"  $180,000,000 ","  $140,125,968 ","  $256,585,882 "
6/27/2016,2016,The Legend of Tarzan,"  $180,000,000 ","  $126,643,061 ","  $348,902,025 "
11/23/2011,2011,Hugo,"  $180,000,000 ","  $73,864,507 ","  $180,047,784 "
7/20/2017,2017,Valerian and the City of a Thousand Planets,"  $180,000,000 ","  $40,479,370 ","  $215,098,356 "
2/6/2015,2015,Jupiter Ascending,"  $179,000,000 ","  $47,482,519 ","  $181,982,519 "
7/16/2018,2018,Mission: Impossible—Fallout,"  $178,000,000 ","  $220,159,104 ","  $787,176,729 "
5/18/2016,2016,X-Men: Apocalypse,"  $178,000,000 ","  $155,442,489 ","  $542,537,546 "
8/9/2018,2018,The Meg,"  $178,000,000 ","  $145,443,742 ","  $527,370,715 "
5/28/2014,2014,Edge of Tomorrow,"  $178,000,000 ","  $100,206,256 ","  $367,028,980 "
3/6/2019,2019,Captain Marvel,"  $175,000,000 ","  $426,829,839 ","  $1,129,727,388 "
4/7/2016,2016,The Jungle Book,"  $175,000,000 ","  $364,001,123 ","  $953,554,418 "
6/12/2015,2015,Inside Out,"  $175,000,000 ","  $356,461,711 ","  $855,038,387 "
7/5/2017,2017,Spider-Man: Homecoming,"  $175,000,000 ","  $334,201,140 ","  $880,166,350 "
8/2/2016,2016,Suicide Squad,"  $175,000,000 ","  $325,100,054 ","  $746,846,894 "
5/28/2009,2009,Up,"  $175,000,000 ","  $293,004,164 ","  $731,463,377 "
10/27/2017,2017,Coco,"  $175,000,000 ","  $210,460,015 ","  $798,237,597 "
11/21/2018,2018,Ralph Breaks The Internet,"  $175,000,000 ","  $201,091,711 ","  $529,290,830 "
3/27/2009,2009,Monsters vs. Aliens,"  $175,000,000 ","  $198,351,526 ","  $381,687,380 "
6/16/2017,2017,Cars 3,"  $175,000,000 ","  $152,901,115 ","  $383,541,369 "
8/7/2009,2009,G.I. Joe: The Rise of Cobra,"  $175,000,000 ","  $150,201,498 ","  $302,469,017 "
6/30/1999,1999,Wild Wild West,"  $175,000,000 ","  $113,805,681 ","  $221,229,335 "
8/1/2008,2008,The Mummy: Tomb of the Dragon Emperor,"  $175,000,000 ","  $102,491,776 ","  $405,760,225 "
6/22/2007,2007,Evan Almighty,"  $175,000,000 ","  $100,289,690 ","  $174,131,329 "
7/28/1995,1995,Waterworld,"  $175,000,000 ","  $88,246,220 ","  $264,246,220 "
1/8/2020,2020,Dolittle,"  $175,000,000 ","  $77,047,065 ","  $251,409,156 "
5/11/2017,2017,King Arthur: Legend of the Sword,"  $175,000,000 ","  $39,175,066 ","  $139,630,336 "
12/6/2013,2013,47 Ronin,"  $175,000,000 ","  $38,362,475 ","  $151,716,815 "
6/6/2018,2018,Jurassic World: Fallen Kingdom,"  $170,000,000 ","  $417,719,760 ","  $1,308,334,005 "
7/31/2014,2014,Guardians of the Galaxy,"  $170,000,000 ","  $333,714,112 ","  $770,882,395 "
5/7/2010,2010,Iron Man 2,"  $170,000,000 ","  $312,433,331 ","  $621,156,389 "
3/28/2014,2014,Captain America: The Winter Soldier,"  $170,000,000 ","  $259,746,958 ","  $714,401,889 "
7/9/2014,2014,Dawn of the Planet of the Apes,"  $170,000,000 ","  $208,545,589 ","  $710,644,566 "
11/10/2004,2004,The Polar Express,"  $170,000,000 ","  $188,578,855 ","  $312,719,437 "
5/30/2012,2012,Snow White and the Huntsman,"  $170,000,000 ","  $155,136,755 ","  $401,021,746 "
7/1/2003,2003,Terminator 3: Rise of the Machines,"  $170,000,000 ","  $150,358,296 ","  $433,058,296 "
5/5/2004,2004,Van Helsing,"  $170,000,000 ","  $120,150,546 ","  $300,150,546 "
3/27/2019,2019,Dumbo,"  $170,000,000 ","  $114,766,307 ","  $353,166,307 "
5/29/2019,2019,Godzilla: King of the Monsters,"  $170,000,000 ","  $110,500,138 ","  $383,299,915 "
5/20/2015,2015,Tomorrowland,"  $170,000,000 ","  $93,436,322 ","  $206,627,518 "
2/1/2019,2019,Alita: Battle Angel,"  $170,000,000 ","  $85,838,210 ","  $401,900,040 "
5/20/2016,2016,Alice Through the Looking Glass,"  $170,000,000 ","  $77,042,381 ","  $276,928,112 "
5/21/2010,2010,Shrek Forever After,"  $165,000,000 ","  $238,736,787 ","  $756,244,673 "
10/24/2016,2016,Doctor Strange,"  $165,000,000 ","  $232,641,920 ","  $676,354,481 "
10/25/2014,2014,Big Hero 6,"  $165,000,000 ","  $222,527,828 ","  $649,657,407 "
3/26/2010,2010,How to Train Your Dragon,"  $165,000,000 ","  $217,581,232 ","  $494,870,992 "
11/1/2012,2012,Wreck-It Ralph,"  $165,000,000 ","  $189,412,677 ","  $496,511,521 "
11/5/2014,2014,Interstellar,"  $165,000,000 ","  $188,017,894 ","  $651,994,868 "
6/22/2016,2016,Independence Day: Resurgence,"  $165,000,000 ","  $103,144,286 ","  $384,169,424 "
9/30/2021,2021,Dune,"  $165,000,000 ",  $0 ,  $0 
7/29/2011,2011,Cowboys and Aliens,"  $163,000,000 ","  $100,368,560 ","  $176,038,324 "
3/16/2017,2017,Beauty and the Beast,"  $160,000,000 ","  $504,014,165 ","  $1,255,080,655 "
6/27/2019,2019,Spider-Man: Far From Home,"  $160,000,000 ","  $390,532,085 ","  $1,132,183,514 "
12/6/2018,2018,Aquaman,"  $160,000,000 ","  $335,061,807 ","  $1,143,758,700 "
5/17/2007,2007,Shrek the Third,"  $160,000,000 ","  $322,719,944 ","  $807,330,936 "
7/16/2010,2010,Inception,"  $160,000,000 ","  $292,576,195 ","  $728,582,465 "
11/18/2015,2015,The Hunger Games: Mockingjay - Part 2,"  $160,000,000 ","  $281,723,902 ","  $648,986,787 "
5/17/2013,2013,Fast and Furious 6,"  $160,000,000 ","  $238,679,850 ","  $789,300,444 "
5/14/2014,2014,Godzilla,"  $160,000,000 ","  $200,676,069 ","  $529,076,069 "
6/3/2011,2011,X-Men: First Class,"  $160,000,000 ","  $146,408,305 ","  $355,408,305 "
12/25/2008,2008,The Curious Case of Benjamin Button,"  $160,000,000 ","  $127,509,326 ","  $329,631,958 "
7/14/2010,2010,The Sorcerer s Apprentice,"  $160,000,000 ","  $63,150,991 ","  $217,986,320 "
5/12/2006,2006,Poseidon,"  $160,000,000 ","  $60,674,817 ","  $181,674,817 "
5/25/2016,2016,Warcraft,"  $160,000,000 ","  $47,365,290 ","  $438,899,824 "
11/1/2019,2019,The Irishman,"  $159,000,000 ",  $0 ,"  $910,234 "
9/29/2016,2016,Deepwater Horizon,"  $156,000,000 ","  $61,433,527 ","  $122,603,824 "
12/10/2010,2010,The Chronicles of Narnia: The Voyage of the Daw…,"  $155,000,000 ","  $104,386,950 ","  $418,186,950 "
3/25/2021,2021,Godzilla vs. Kong,"  $155,000,000 ","  $100,563,133 ","  $459,463,133 "
6/24/2015,2015,Terminator: Genisys,"  $155,000,000 ","  $89,760,956 ","  $432,150,894 "
3/16/2018,2018,Pacific Rim: Uprising,"  $155,000,000 ","  $59,874,525 ","  $290,930,148 "
11/24/2004,2004,Alexander,"  $155,000,000 ","  $34,297,191 ","  $167,297,191 "
7/14/2017,2017,War for the Planet of the Apes,"  $152,000,000 ","  $146,880,162 ","  $489,592,267 "
5/25/2001,2001,Pearl Harbor,"  $151,500,000 ","  $198,539,855 ","  $449,239,853 "
7/2/2007,2007,Transformers,"  $151,000,000 ","  $319,246,193 ","  $708,272,592 "
11/20/2019,2019,Frozen II,"  $150,000,000 ","  $477,373,578 ","  $1,446,925,396 "
5/29/2017,2017,Wonder Woman,"  $150,000,000 ","  $412,563,408 ","  $818,058,221 "
11/22/2013,2013,Frozen,"  $150,000,000 ","  $400,953,009 ","  $1,266,648,320 "
2/10/2016,2016,Zootopia,"  $150,000,000 ","  $341,268,248 ","  $1,005,304,638 "
7/11/2007,2007,Harry Potter and the Order of the Phoenix,"  $150,000,000 ","  $292,137,260 ","  $940,743,940 "
11/18/2005,2005,Harry Potter and the Goblet of Fire,"  $150,000,000 ","  $290,201,752 ","  $891,320,084 "
5/15/2003,2003,The Matrix Reloaded,"  $150,000,000 ","  $281,553,689 ","  $738,576,929 "
12/14/2007,2007,I am Legend,"  $150,000,000 ","  $256,393,010 ","  $585,532,684 "
1/27/2016,2016,Moana,"  $150,000,000 ","  $248,757,044 ","  $635,606,103 "
7/1/2008,2008,Hancock,"  $150,000,000 ","  $227,946,274 ","  $624,234,272 "
7/15/2005,2005,Charlie and the Chocolate Factory,"  $150,000,000 ","  $206,459,076 ","  $475,825,484 "
6/29/2007,2007,Ratatouille,"  $150,000,000 ","  $206,445,654 ","  $626,549,695 "
10/30/2013,2013,Thor: The Dark World,"  $150,000,000 ","  $206,362,140 ","  $644,602,516 "
6/15/2005,2005,Batman Begins,"  $150,000,000 ","  $205,343,774 ","  $359,004,502 "
7/29/2015,2015,Mission: Impossible—Rogue Nation,"  $150,000,000 ","  $195,042,377 ","  $688,858,992 "
7/18/2017,2017,Dunkirk,"  $150,000,000 ","  $190,068,280 ","  $519,452,014 "
4/29/2011,2011,Thor,"  $150,000,000 ","  $181,030,624 ","  $449,326,618 "
11/7/2008,2008,Madagascar: Escape 2 Africa,"  $150,000,000 ","  $180,174,880 ","  $599,680,774 "
5/1/2009,2009,X-Men Origins: Wolverine,"  $150,000,000 ","  $179,883,157 ","  $374,825,760 "
5/22/2009,2009,Night at the Museum: Battle of the Smithsonian,"  $150,000,000 ","  $177,243,721 ","  $402,231,063 "
5/26/2011,2011,Kung Fu Panda 2,"  $150,000,000 ","  $165,249,063 ","  $664,837,547 "
5/14/2015,2015,Mad Max: Fury Road,"  $150,000,000 ","  $153,636,354 ","  $367,457,874 "
5/3/2019,2019,Pokémon: Detective Pikachu,"  $150,000,000 ","  $144,105,346 ","  $431,947,558 "
11/5/2003,2003,The Matrix Revolutions,"  $150,000,000 ","  $139,270,910 ","  $427,300,260 "
3/20/2018,2018,Ready Player One,"  $150,000,000 ","  $137,690,172 ","  $579,055,653 "
11/4/2005,2005,Chicken Little,"  $150,000,000 ","  $135,386,665 ","  $310,043,823 "
5/5/2006,2006,Mission: Impossible III,"  $150,000,000 ","  $133,501,348 ","  $399,387,745 "
5/15/2009,2009,Angels & Demons,"  $150,000,000 ","  $133,375,846 ","  $490,875,846 "
5/13/2004,2004,Troy,"  $150,000,000 ","  $133,298,577 ","  $483,152,040 "
7/1/2010,2010,The Last Airbender,"  $150,000,000 ","  $131,772,187 ","  $319,713,881 "
11/2/2007,2007,Bee Movie,"  $150,000,000 ","  $126,631,277 ","  $287,594,577 "
7/24/2009,2009,G-Force,"  $150,000,000 ","  $119,436,770 ","  $292,817,841 "
11/21/2008,2008,Bolt,"  $150,000,000 ","  $114,053,579 ","  $328,015,029 "
3/28/2012,2012,Wrath of the Titans,"  $150,000,000 ","  $83,670,083 ","  $305,270,083 "
11/16/2007,2007,Beowulf,"  $150,000,000 ","  $82,280,579 ","  $195,080,579 "
5/9/2012,2012,Dark Shadows,"  $150,000,000 ","  $79,727,149 ","  $238,202,668 "
6/28/2013,2013,White House Down,"  $150,000,000 ","  $73,103,784 ","  $205,440,387 "
2/12/2010,2010,The Wolfman,"  $150,000,000 ","  $62,189,884 ","  $142,634,358 "
12/15/2016,2016,The Great Wall,"  $150,000,000 ","  $45,157,105 ","  $334,486,852 "
9/25/2015,2015,Pan,"  $150,000,000 ","  $35,088,320 ","  $151,525,973 "
7/15/2021,2021,Space Jam: A New Legacy,"  $150,000,000 ","  $31,650,000 ","  $54,661,000 "
3/11/2011,2011,Mars Needs Moms,"  $150,000,000 ","  $21,392,758 ","  $39,549,758 "
7/13/1905,1905,Red Notice,"  $150,000,000 ",  $0 ,  $0 
2/4/2022,2022,Moonfall,"  $150,000,000 ",  $0 ,  $0 
11/3/2006,2006,Flushed Away,"  $149,000,000 ","  $64,665,672 ","  $179,357,126 "
6/8/2012,2012,Madagascar 3: Europe s Most Wanted,"  $145,000,000 ","  $216,391,482 ","  $746,921,271 "
12/14/2011,2011,Mission: Impossible—Ghost Protocol,"  $145,000,000 ","  $209,397,903 ","  $694,713,230 "
6/5/2014,2014,How to Train Your Dragon 2,"  $145,000,000 ","  $177,002,924 ","  $614,586,270 "
6/16/1999,1999,Tarzan,"  $145,000,000 ","  $171,091,819 ","  $448,191,819 "
2/20/2014,2014,Mr. Peabody & Sherman,"  $145,000,000 ","  $111,506,430 ","  $269,806,430 "
11/20/2012,2012,Rise of the Guardians,"  $145,000,000 ","  $103,412,758 ","  $306,900,902 "
4/8/2005,2005,Sahara,"  $145,000,000 ","  $68,671,925 ","  $121,645,390 "
7/13/2016,2016,Ghostbusters,"  $144,000,000 ","  $128,350,574 ","  $229,008,658 "
11/22/2002,2002,Die Another Day,"  $142,000,000 ","  $160,942,139 ","  $431,942,139 "
7/9/2003,2003,Pirates of the Caribbean: The Curse of the Blac…,"  $140,000,000 ","  $305,410,819 ","  $654,310,819 "
5/8/2009,2009,Star Trek,"  $140,000,000 ","  $257,730,019 ","  $386,839,614 "
7/1/1998,1998,Armageddon,"  $140,000,000 ","  $201,578,182 ","  $554,600,000 "
7/3/2002,2002,Men in Black 2,"  $140,000,000 ","  $190,418,803 ","  $441,767,803 "
7/22/2011,2011,Captain America: The First Avenger,"  $140,000,000 ","  $176,654,505 ","  $370,569,776 "
1/23/2016,2016,Kung Fu Panda 3,"  $140,000,000 ","  $143,528,619 ","  $521,170,825 "
7/10/1998,1998,Lethal Weapon 4,"  $140,000,000 ","  $130,444,603 ","  $285,400,000 "
3/27/2013,2013,G.I. Joe: Retaliation,"  $140,000,000 ","  $122,523,060 ","  $375,740,705 "
12/5/2003,2003,The Last Samurai,"  $140,000,000 ","  $111,110,575 ","  $456,810,575 "
12/21/2005,2005,Fun With Dick And Jane,"  $140,000,000 ","  $110,550,000 ","  $203,018,919 "
12/5/2014,2014,Exodus: Gods and Kings,"  $140,000,000 ","  $65,014,513 ","  $268,314,513 "
6/30/2016,2016,The BFG,"  $140,000,000 ","  $55,483,770 ","  $199,646,680 "
10/3/2019,2019,Gemini Man,"  $140,000,000 ","  $48,546,770 ","  $166,623,705 "
2/24/2016,2016,Gods of Egypt,"  $140,000,000 ","  $31,153,464 ","  $138,836,756 "
11/19/2021,2021,Top Gun: Maverick,"  $140,000,000 ",  $0 ,  $0 
5/3/2002,2002,Spider-Man,"  $139,000,000 ","  $403,706,375 ","  $821,706,375 "
3/6/2009,2009,Watchmen,"  $138,000,000 ","  $107,509,799 ","  $186,976,250 "
7/29/2005,2005,Stealth,"  $138,000,000 ","  $32,116,746 ","  $76,416,746 "
6/13/2008,2008,The Incredible Hulk,"  $137,500,000 ","  $134,806,913 ","  $265,573,859 "
6/20/2003,2003,Hulk,"  $137,000,000 ","  $132,177,234 ","  $245,031,679 "
7/11/2001,2001,Final Fantasy: The Spirits Within,"  $137,000,000 ","  $32,131,830 ","  $85,131,830 "
11/14/2012,2012,"The Twilight Saga: Breaking Dawn, Part 2","  $136,200,000 ","  $292,324,737 ","  $829,724,737 "
3/15/2013,2013,The Croods,"  $135,000,000 ","  $187,168,425 ","  $573,068,425 "
12/25/2015,2015,The Revenant,"  $135,000,000 ","  $183,637,894 ","  $532,938,302 "
11/19/1999,1999,The World is Not Enough,"  $135,000,000 ","  $126,930,660 ","  $361,730,660 "
3/4/2011,2011,Rango,"  $135,000,000 ","  $123,477,607 ","  $245,724,600 "
11/14/2003,2003,Master and Commander: The Far Side of the World,"  $135,000,000 ","  $93,926,386 ","  $212,912,137 "
7/17/2013,2013,Turbo,"  $135,000,000 ","  $83,028,130 ","  $286,896,578 "
6/2/2016,2016,Teenage Mutant Ninja Turtles: Out of the Shadows,"  $135,000,000 ","  $82,051,601 ","  $245,328,374 "
11/18/2011,2011,Happy Feet Two,"  $135,000,000 ","  $64,006,466 ","  $157,956,466 "
7/28/2006,2006,Miami Vice,"  $135,000,000 ","  $63,478,838 ","  $164,920,076 "
10/31/2018,2018,The Nutcracker and the Four Realms,"  $132,900,000 ","  $54,858,851 ","  $170,024,300 "
6/24/2005,2005,War of the Worlds,"  $132,000,000 ","  $234,280,354 ","  $606,836,535 "
11/26/2014,2014,Penguins of Madagascar,"  $132,000,000 ","  $83,350,911 ","  $366,942,531 "
11/15/2013,2013,The Hunger Games: Catching Fire,"  $130,000,000 ","  $424,668,047 ","  $864,868,047 "
5/31/2004,2004,Harry Potter and the Prisoner of Azkaban,"  $130,000,000 ","  $249,757,726 ","  $789,961,033 "
8/3/2007,2007,The Bourne Ultimatum,"  $130,000,000 ","  $227,471,070 ","  $444,043,396 "
7/3/2018,2018,Ant-Man and the Wasp,"  $130,000,000 ","  $216,648,740 ","  $623,144,660 "
6/6/2008,2008,Kung Fu Panda,"  $130,000,000 ","  $215,434,591 ","  $631,910,531 "
7/14/2015,2015,Ant-Man,"  $130,000,000 ","  $180,202,163 ","  $518,858,449 "
3/19/2015,2015,Home,"  $130,000,000 ","  $177,397,510 ","  $385,997,896 "
12/19/2018,2018,Mary Poppins Returns,"  $130,000,000 ","  $171,958,438 ","  $348,901,032 "
10/28/2011,2011,Puss in Boots,"  $130,000,000 ","  $149,260,504 ","  $554,987,477 "
11/5/2010,2010,Megamind,"  $130,000,000 ","  $148,415,853 ","  $321,887,208 "
7/18/2003,2003,Bad Boys II,"  $130,000,000 ","  $138,540,870 ","  $273,271,982 "
3/20/2014,2014,Rio 2,"  $130,000,000 ","  $131,538,435 ","  $492,846,291 "
7/23/2010,2010,Salt,"  $130,000,000 ","  $118,311,368 ","  $290,650,494 "
3/27/2014,2014,Noah,"  $130,000,000 ","  $101,200,044 ","  $352,831,065 "
10/28/2011,2011,The Adventures of Tintin,"  $130,000,000 ","  $77,591,831 ","  $373,993,951 "
5/31/2013,2013,After Earth,"  $130,000,000 ","  $60,522,097 ","  $251,499,665 "
11/26/2008,2008,Australia,"  $130,000,000 ","  $49,554,002 ","  $215,080,810 "
7/19/2013,2013,R.I.P.D.,"  $130,000,000 ","  $33,618,855 ","  $79,076,678 "
1/3/2019,2019,How to Train Your Dragon: The Hidden World,"  $129,000,000 ","  $160,799,505 ","  $522,746,363 "
11/18/2011,2011,"The Twilight Saga: Breaking Dawn, Part 1","  $127,500,000 ","  $281,287,133 ","  $689,420,051 "
5/19/2000,2000,Dinosaur,"  $127,500,000 ","  $137,748,063 ","  $356,148,063 "
2/23/2017,2017,Logan,"  $127,000,000 ","  $226,277,068 ","  $614,202,315 "
12/18/2014,2014,Night at the Museum: Secret of the Tomb,"  $127,000,000 ","  $113,746,621 ","  $353,756,621 "
7/13/2011,2011,Harry Potter and the Deathly Hallows: Part II,"  $125,000,000 ","  $381,193,157 ","  $1,334,392,544 "
11/19/2014,2014,The Hunger Games: Mockingjay - Part 1,"  $125,000,000 ","  $337,135,885 ","  $766,575,131 "
11/15/2001,2001,Harry Potter and the Sorcerer’s Stone,"  $125,000,000 ","  $317,871,467 ","  $965,054,122 "
12/4/2019,2019,Jumanji: The Next Level,"  $125,000,000 ","  $316,831,246 ","  $800,128,637 "
11/17/2010,2010,Harry Potter and the Deathly Hallows: Part I,"  $125,000,000 ","  $296,131,568 ","  $955,371,891 "
5/19/2006,2006,The Da Vinci Code,"  $125,000,000 ","  $217,536,138 ","  $767,820,459 "
4/30/2003,2003,X-Men 2,"  $125,000,000 ","  $214,949,694 ","  $406,348,630 "
4/21/2011,2011,Fast Five,"  $125,000,000 ","  $210,031,325 ","  $630,163,454 "
8/8/2014,2014,Teenage Mutant Ninja Turtles,"  $125,000,000 ","  $191,204,754 ","  $485,004,754 "
12/16/2011,2011,Sherlock Holmes: A Game of Shadows,"  $125,000,000 ","  $186,848,418 ","  $535,663,443 "
5/27/2004,2004,The Day After Tomorrow,"  $125,000,000 ","  $186,740,799 ","  $555,840,117 "
3/17/2017,2017,The Boss Baby,"  $125,000,000 ","  $175,003,033 ","  $527,965,936 "
4/1/2010,2010,Clash of the Titans,"  $125,000,000 ","  $163,214,888 ","  $493,214,888 "
10/12/2016,2016,Trolls,"  $125,000,000 ","  $153,707,064 ","  $343,242,613 "
5/19/1998,1998,Godzilla,"  $125,000,000 ","  $136,314,294 ","  $376,000,000 "
5/30/2012,2012,Prometheus,"  $125,000,000 ","  $126,477,084 ","  $402,448,265 "
8/10/2012,2012,The Bourne Legacy,"  $125,000,000 ","  $113,203,870 ","  $280,355,920 "
6/20/1997,1997,Batman & Robin,"  $125,000,000 ","  $107,325,195 ","  $238,317,814 "
7/5/2018,2018,Skyscraper,"  $125,000,000 ","  $68,420,120 ","  $304,868,961 "
1/3/2020,2020,The Call of the Wild,"  $125,000,000 ","  $62,342,368 ","  $107,360,936 "
8/3/2012,2012,Total Recall,"  $125,000,000 ","  $58,877,969 ","  $211,856,088 "
12/21/2016,2016,Assassin’s Creed,"  $125,000,000 ","  $54,647,948 ","  $240,759,682 "
12/29/2016,2016,Monster Trucks,"  $125,000,000 ","  $33,370,166 ","  $61,642,798 "
8/27/1999,1999,The 13th Warrior,"  $125,000,000 ","  $32,698,899 ","  $61,698,899 "
11/17/2000,2000,How the Grinch Stole Christmas,"  $123,000,000 ","  $260,348,825 ","  $345,445,403 "
5/24/2000,2000,Mission: Impossible 2,"  $120,000,000 ","  $215,409,889 ","  $549,588,516 "
6/30/2000,2000,The Perfect Storm,"  $120,000,000 ","  $182,618,434 ","  $328,711,434 "
7/20/2016,2016,Jason Bourne,"  $120,000,000 ","  $162,192,920 ","  $416,168,316 "
6/15/2007,2007,Fantastic Four: Rise of the Silver Surfer,"  $120,000,000 ","  $131,921,738 ","  $289,480,691 "
11/21/2012,2012,Life of Pi,"  $120,000,000 ","  $124,987,022 ","  $619,310,368 "
2/16/2007,2007,Ghost Rider,"  $120,000,000 ","  $115,802,596 ","  $229,545,589 "
4/9/2018,2018,Rampage,"  $120,000,000 ","  $101,028,233 ","  $427,947,217 "
6/27/2003,2003,Charlie s Angels: Full Throttle,"  $120,000,000 ","  $100,814,328 ","  $227,163,273 "
8/9/2013,2013,Elysium,"  $120,000,000 ","  $93,050,117 ","  $286,192,091 "
4/19/2013,2013,Oblivion,"  $120,000,000 ","  $89,107,235 ","  $287,916,633 "
3/24/2017,2017,Power Rangers,"  $120,000,000 ","  $85,364,450 ","  $142,531,552 "
7/19/2002,2002,Stuart Little 2,"  $120,000,000 ","  $64,956,806 ","  $166,000,000 "
2/12/2014,2014,RoboCop,"  $120,000,000 ","  $58,607,007 ","  $242,981,799 "
6/11/2004,2004,The Chronicles of Riddick,"  $120,000,000 ","  $57,712,751 ","  $107,212,751 "
8/5/2015,2015,The Fantastic Four,"  $120,000,000 ","  $56,117,548 ","  $167,849,187 "
5/9/2008,2008,Speed Racer,"  $120,000,000 ","  $43,945,766 ","  $93,394,462 "
7/22/2005,2005,The Island,"  $120,000,000 ","  $35,818,913 ","  $163,018,913 "
12/17/2010,2010,How Do You Know?,"  $120,000,000 ","  $30,212,620 ","  $49,628,177 "
6/23/2010,2010,Knight and Day,"  $117,000,000 ","  $76,423,035 ","  $258,751,370 "
10/2/2018,2018,Venom,"  $116,000,000 ","  $213,511,408 ","  $853,530,899 "
5/19/1999,1999,Star Wars Ep. I: The Phantom Menace,"  $115,000,000 ","  $474,544,677 ","  $1,027,044,677 "
5/19/2005,2005,Star Wars Ep. III: Revenge of the Sith,"  $115,000,000 ","  $380,270,577 ","  $848,998,877 "
5/16/2002,2002,Star Wars Ep. II: Attack of the Clones,"  $115,000,000 ","  $310,676,740 ","  $656,695,615 "
11/2/2001,2001,"Monsters, Inc.","  $115,000,000 ","  $290,149,425 ","  $560,483,719 "
7/26/2013,2013,The Wolverine,"  $115,000,000 ","  $132,556,852 ","  $416,456,852 "
2/7/1997,1997,Dante’s Peak,"  $115,000,000 ","  $67,163,857 ","  $178,200,000 "
4/6/2016,2016,The Huntsman: Winter’s War,"  $115,000,000 ","  $48,003,015 ","  $165,149,302 "
6/14/2002,2002,Windtalkers,"  $115,000,000 ","  $40,914,068 ","  $77,628,265 "
7/4/2008,2008,Astérix aux Jeux Olympiques,"  $113,500,000 ","  $999,811 ","  $132,999,811 "
12/24/2010,2010,Gulliver s Travels,"  $112,000,000 ","  $42,779,261 ","  $232,017,848 "
12/8/2017,2017,Ferdinand,"  $111,000,000 ","  $84,410,380 ","  $289,838,913 "
5/11/2018,2018,Deadpool 2,"  $110,000,000 ","  $324,591,735 ","  $786,362,370 "
10/3/2013,2013,Gravity,"  $110,000,000 ","  $274,092,705 ","  $689,742,192 "
12/22/2006,2006,Night at the Museum,"  $110,000,000 ","  $250,863,268 ","  $579,446,407 "
6/10/2005,2005,Mr. and Mrs. Smith,"  $110,000,000 ","  $186,336,279 ","  $486,124,090 "
5/27/2015,2015,San Andreas,"  $110,000,000 ","  $155,190,832 ","  $456,258,539 "
7/29/2011,2011,The Smurfs,"  $110,000,000 ","  $142,614,158 ","  $563,749,323 "
6/27/2007,2007,Live Free or Die Hard,"  $110,000,000 ","  $134,529,403 ","  $382,288,147 "
3/18/2015,2015,The Divergent Series: Insurgent,"  $110,000,000 ","  $130,179,072 ","  $295,075,882 "
12/10/2004,2004,Ocean s Twelve,"  $110,000,000 ","  $125,531,634 ","  $362,989,076 "
12/19/1997,1997,Tomorrow Never Dies,"  $110,000,000 ","  $125,304,276 ","  $339,504,276 "
6/28/2000,2000,The Patriot,"  $110,000,000 ","  $113,330,342 ","  $215,300,000 "
3/7/2014,2014,300: Rise of an Empire,"  $110,000,000 ","  $106,580,051 ","  $330,780,051 "
12/17/2004,2004,The Aviator,"  $110,000,000 ","  $102,608,827 ","  $208,370,892 "
12/21/2016,2016,Passengers,"  $110,000,000 ","  $100,014,699 ","  $302,239,672 "
1/14/2011,2011,The Green Hornet,"  $110,000,000 ","  $98,780,042 ","  $229,155,503 "
9/21/2016,2016,Miss Peregrine’s Home for Peculiar Children,"  $110,000,000 ","  $87,242,834 ","  $295,986,876 "
10/7/2011,2011,Real Steel,"  $110,000,000 ","  $85,463,309 ","  $263,880,341 "
6/12/2019,2019,Men in Black: International,"  $110,000,000 ","  $80,001,807 ","  $253,020,464 "
6/11/2010,2010,The A-Team,"  $110,000,000 ","  $77,222,099 ","  $177,241,171 "
7/31/2013,2013,The Smurfs 2,"  $110,000,000 ","  $71,017,784 ","  $348,547,523 "
3/9/2016,2016,The Divergent Series: Allegiant,"  $110,000,000 ","  $66,184,051 ","  $172,022,517 "
6/12/2009,2009,The Taking of Pelham 123,"  $110,000,000 ","  $65,452,312 ","  $152,364,370 "
10/25/2013,2013,Ender s Game,"  $110,000,000 ","  $61,737,191 ","  $127,983,283 "
4/2/2004,2004,Home on the Range,"  $110,000,000 ","  $50,026,353 ","  $76,482,461 "
6/13/1997,1997,Speed 2: Cruise Control,"  $110,000,000 ","  $48,097,081 ","  $150,468,000 "
5/6/2005,2005,Kingdom of Heaven,"  $110,000,000 ","  $47,398,413 ","  $218,674,938 "
3/23/2017,2017,Ghost in the Shell,"  $110,000,000 ","  $40,563,557 ","  $167,910,690 "
6/16/2004,2004,Around the World in 80 Days,"  $110,000,000 ","  $24,004,159 ","  $72,004,159 "
11/21/2003,2003,The Cat in the Hat,"  $109,000,000 ","  $101,018,283 ","  $133,818,283 "
12/25/2001,2001,Ali,"  $109,000,000 ","  $58,183,966 ","  $87,683,966 "
9/30/2015,2015,The Martian,"  $108,000,000 ","  $228,433,663 ","  $655,111,538 "
11/20/2016,2016,Allied,"  $106,000,000 ","  $40,098,064 ","  $119,266,661 "
7/16/2004,2004,"I, Robot","  $105,000,000 ","  $144,801,023 ","  $348,629,585 "
12/17/1999,1999,Stuart Little,"  $105,000,000 ","  $140,015,224 ","  $298,815,224 "
11/25/2009,2009,The Princess and the Frog,"  $105,000,000 ","  $104,400,899 ","  $270,997,378 "
3/7/2008,2008,"10,000 B.C.","  $105,000,000 ","  $94,784,201 ","  $269,065,678 "
7/1/2016,2016,Ice Age: Collision Course,"  $105,000,000 ","  $64,063,008 ","  $402,156,682 "
4/27/2001,2001,Town & Country,"  $105,000,000 ","  $6,712,451 ","  $10,364,769 "
9/19/2017,2017,Kingsman: The Golden Circle,"  $104,000,000 ","  $100,234,838 ","  $408,803,696 "
6/9/2000,2000,Gone in 60 Seconds,"  $103,300,000 ","  $101,643,008 ","  $232,643,008 "
5/4/2000,2000,Gladiator,"  $103,000,000 ","  $187,683,805 ","  $457,552,323 "
5/23/2013,2013,The Hangover 3,"  $103,000,000 ","  $112,200,072 ","  $362,000,072 "
3/9/2018,2018,A Wrinkle in Time,"  $103,000,000 ","  $100,478,608 ","  $133,401,882 "
7/1/2009,2009,Public Enemies,"  $102,500,000 ","  $97,104,620 ","  $212,282,709 "
11/17/2006,2006,Casino Royale,"  $102,000,000 ","  $167,365,000 ","  $594,420,283 "
6/21/2002,2002,Minority Report,"  $102,000,000 ","  $132,024,714 ","  $358,824,714 "
12/13/2018,2018,Bumblebee,"  $102,000,000 ","  $127,195,589 ","  $465,195,589 "
10/26/2012,2012,Cloud Atlas,"  $102,000,000 ","  $27,108,272 ","  $130,673,154 "
11/15/2002,2002,Harry Potter and the Chamber of Secrets,"  $100,000,000 ","  $262,233,381 ","  $876,508,805 "
7/2/1991,1991,Terminator 2: Judgment Day,"  $100,000,000 ","  $203,464,105 ","  $515,390,883 "
6/16/1995,1995,Batman Forever,"  $100,000,000 ","  $184,031,112 ","  $336,529,144 "
7/27/2001,2001,Planet of the Apes,"  $100,000,000 ","  $180,011,740 ","  $362,211,740 "
11/19/2004,2004,National Treasure,"  $100,000,000 ","  $173,005,002 ","  $331,323,410 "
12/25/2012,2012,Django Unchained,"  $100,000,000 ","  $162,805,434 ","  $449,841,566 "
12/25/2019,2019,1917,"  $100,000,000 ","  $159,227,644 ","  $366,614,721 "
12/22/2010,2010,Little Fockers,"  $100,000,000 ","  $148,438,600 ","  $310,650,574 "
7/15/1994,1994,True Lies,"  $100,000,000 ","  $146,282,411 ","  $365,300,000 "
11/2/2007,2007,American Gangster,"  $100,000,000 ","  $130,164,645 ","  $267,985,456 "
9/18/2009,2009,Cloudy with a Chance of Meatballs,"  $100,000,000 ","  $124,870,275 ","  $236,827,677 "
8/6/2010,2010,The Other Guys,"  $100,000,000 ","  $119,219,978 ","  $170,936,470 "
12/17/2004,2004,Lemony Snicket s A Series of Unfortunate Events,"  $100,000,000 ","  $118,627,117 ","  $212,956,024 "
12/25/2013,2013,The Wolf of Wall Street,"  $100,000,000 ","  $116,949,183 ","  $389,918,903 "
5/24/2013,2013,Epic,"  $100,000,000 ","  $107,518,682 ","  $262,794,441 "
6/21/1996,1996,Eraser,"  $100,000,000 ","  $101,295,562 ","  $234,400,000 "
6/21/1996,1996,The Hunchback of Notre Dame,"  $100,000,000 ","  $100,138,851 ","  $325,500,000 "
12/15/2000,2000,The Emperor s New Groove,"  $100,000,000 ","  $89,630,573 ","  $169,630,573 "
8/15/2012,2012,The Expendables 2,"  $100,000,000 ","  $85,028,192 ","  $311,979,256 "
10/16/2009,2009,Where the Wild Things Are,"  $100,000,000 ","  $77,233,467 ","  $99,123,656 "
12/15/2006,2006,Eragon,"  $100,000,000 ","  $75,030,163 ","  $249,488,115 "
7/23/2014,2014,Hercules,"  $100,000,000 ","  $72,688,614 ","  $243,388,614 "
12/10/2010,2010,The Tourist,"  $100,000,000 ","  $67,631,157 ","  $278,731,369 "
11/24/1999,1999,End of Days,"  $100,000,000 ","  $66,889,043 ","  $212,026,975 "
12/25/2019,2019,Spies in Disguise,"  $100,000,000 ","  $66,757,013 ","  $165,139,629 "
6/11/2004,2004,The Stepford Wives,"  $100,000,000 ","  $59,475,623 ","  $96,150,482 "
6/8/2007,2007,Surf’s Up,"  $100,000,000 ","  $58,867,694 ","  $145,395,745 "
12/8/2006,2006,Blood Diamond,"  $100,000,000 ","  $57,377,916 ","  $171,377,916 "
11/7/2019,2019,Midway,"  $100,000,000 ","  $56,846,802 ","  $126,829,063 "
9/24/2010,2010,Legend of the Guardians: The Owls of Ga Hoole,"  $100,000,000 ","  $55,675,313 ","  $139,716,717 "
11/7/1997,1997,Starship Troopers,"  $100,000,000 ","  $54,768,952 ","  $121,100,000 "
6/5/2009,2009,Land of the Lost,"  $100,000,000 ","  $49,438,370 ","  $69,548,641 "
12/18/2003,2003,Peter Pan,"  $100,000,000 ","  $48,417,850 ","  $95,255,485 "
3/15/2019,2019,Wonder Park,"  $100,000,000 ","  $45,216,793 ","  $115,112,118 "
7/23/2004,2004,Catwoman,"  $100,000,000 ","  $40,202,379 ","  $82,078,046 "
8/14/2014,2014,The Expendables 3,"  $100,000,000 ","  $39,322,544 ","  $209,461,378 "
11/27/2002,2002,Treasure Planet,"  $100,000,000 ","  $38,120,554 ","  $91,800,000 "
3/12/2010,2010,Green Zone,"  $100,000,000 ","  $35,497,337 ","  $97,523,020 "
10/13/2017,2017,Geostorm,"  $100,000,000 ","  $33,700,160 ","  $220,796,009 "
12/2/2015,2015,Point Break,"  $100,000,000 ","  $28,782,481 ","  $126,704,591 "
12/17/2019,2019,Cats,"  $100,000,000 ","  $27,166,770 ","  $75,486,351 "
11/26/2015,2015,In the Heart of the Sea,"  $100,000,000 ","  $25,020,758 ","  $89,693,309 "
4/18/2014,2014,Transcendence,"  $100,000,000 ","  $23,022,309 ","  $103,039,258 "
2/18/2005,2005,Son of the Mask,"  $100,000,000 ","  $17,018,422 ","  $59,918,422 "
12/5/2018,2018,Mortal Engines,"  $100,000,000 ","  $15,951,040 ","  $85,480,271 "
2/3/2021,2021,Chaos Walking,"  $100,000,000 ","  $13,287,908 ","  $21,749,207 "
8/16/2002,2002,The Adventures of Pluto Nash,"  $100,000,000 ","  $4,411,102 ","  $7,094,995 "
1/20/2012,2012,Jin líng shí san chai,"  $100,000,000 ","  $311,434 ","  $98,227,017 "
6/12/2020,2020,Artemis Fowl,"  $100,000,000 ",  $0 ,  $0 
11/5/2015,2015,The Peanuts Movie,"  $99,000,000 ","  $130,178,411 ","  $250,091,610 "
2/6/2019,2019,The LEGO Movie 2: The Second Part,"  $99,000,000 ","  $105,806,508 ","  $190,131,036 "
11/21/2018,2018,Robin Hood,"  $99,000,000 ","  $30,824,628 ","  $85,210,012 "
5/4/2001,2001,The Mummy Returns,"  $98,000,000 ","  $202,007,640 ","  $435,040,395 "
11/14/2019,2019,Ford v. Ferrari,"  $97,600,000 ","  $117,624,357 ","  $224,418,748 "
12/20/2002,2002,Gangs of New York,"  $97,000,000 ","  $77,730,500 ","  $183,124,621 "
5/4/2017,2017,Alien: Covenant,"  $97,000,000 ","  $74,262,031 ","  $238,521,247 "
3/6/2015,2015,Cinderella,"  $95,000,000 ","  $201,151,353 ","  $534,551,353 "
6/27/2012,2012,Ice Age: Continental Drift,"  $95,000,000 ","  $161,321,843 ","  $879,765,137 "
12/28/2001,2001,Black Hawk Down,"  $95,000,000 ","  $108,638,745 ","  $159,691,085 "
5/27/2010,2010,Sex and the City 2,"  $95,000,000 ","  $95,347,692 ","  $294,680,778 "
2/12/2010,2010,Percy Jackson & the Olympians: The Lightning Thief,"  $95,000,000 ","  $88,768,303 ","  $223,050,874 "
8/10/2012,2012,The Campaign,"  $95,000,000 ","  $86,907,746 ","  $104,907,746 "
11/12/2010,2010,Unstoppable,"  $95,000,000 ","  $81,562,942 ","  $165,720,921 "
5/9/1997,1997,The Fifth Element,"  $95,000,000 ","  $63,570,862 ","  $263,898,761 "
3/31/2000,2000,The Road to El Dorado,"  $95,000,000 ","  $50,802,661 ","  $65,700,000 "
12/11/2009,2009,The Lovely Bones,"  $95,000,000 ","  $44,114,232 ","  $94,894,448 "
6/30/2016,2016,Ben-Hur,"  $95,000,000 ","  $26,410,477 ","  $91,669,648 "
12/19/2014,2014,Seventh Son,"  $95,000,000 ","  $17,725,785 ","  $108,874,967 "
5/30/2003,2003,Finding Nemo,"  $94,000,000 ","  $380,529,370 ","  $936,094,852 "
12/17/2003,2003,The Lord of the Rings: The Return of the King,"  $94,000,000 ","  $377,845,905 ","  $1,120,214,046 "
12/18/2002,2002,The Lord of the Rings: The Two Towers,"  $94,000,000 ","  $342,548,984 ","  $919,148,764 "
6/15/2001,2001,Lara Croft: Tomb Raider,"  $94,000,000 ","  $131,144,183 ","  $273,330,185 "
1/29/2015,2015,Kingsman: The Secret Service,"  $94,000,000 ","  $128,261,724 ","  $404,561,724 "
12/19/2001,2001,The Lord of the Rings: The Fellowship of the Ring,"  $93,000,000 ","  $315,544,750 ","  $891,216,824 "
7/18/2001,2001,Jurassic Park III,"  $93,000,000 ","  $181,166,115 ","  $365,900,000 "
8/5/2011,2011,Rise of the Planet of the Apes,"  $93,000,000 ","  $176,760,185 ","  $470,986,200 "
2/14/2008,2008,The Spiderwick Chronicles,"  $92,500,000 ","  $71,195,053 ","  $162,839,667 "
10/22/2004,2004,The Incredibles,"  $92,000,000 ","  $261,441,092 ","  $631,441,092 "
2/6/2013,2013,A Good Day to Die Hard,"  $92,000,000 ","  $67,349,198 ","  $304,249,198 "
4/9/2004,2004,The Alamo,"  $92,000,000 ","  $22,406,362 ","  $23,911,362 "
12/22/1995,1995,Cutthroat Island,"  $92,000,000 ","  $10,017,322 ","  $18,517,322 "
12/19/2013,2013,The Secret Life of Walter Mitty,"  $91,000,000 ","  $58,236,838 ","  $187,861,183 "
12/20/2017,2017,Jumanji: Welcome to the Jungle,"  $90,000,000 ","  $404,508,916 ","  $961,613,199 "
7/1/1997,1997,Men in Black,"  $90,000,000 ","  $250,690,539 ","  $587,790,539 "
11/19/1999,1999,Toy Story 2,"  $90,000,000 ","  $245,852,179 ","  $511,358,276 "
8/3/2001,2001,Rush Hour 2,"  $90,000,000 ","  $226,164,286 ","  $347,425,832 "
12/25/2009,2009,Sherlock Holmes,"  $90,000,000 ","  $209,028,679 ","  $498,438,212 "
1/15/2020,2020,Bad Boys For Life,"  $90,000,000 ","  $204,417,855 ","  $424,536,881 "
7/1/2009,2009,Ice Age: Dawn of the Dinosaurs,"  $90,000,000 ","  $196,573,705 ","  $886,686,817 "
12/12/2018,2018,Spider-Man: Into The Spider-Verse 3D,"  $90,000,000 ","  $190,173,195 ","  $375,654,619 "
7/21/2000,2000,What Lies Beneath,"  $90,000,000 ","  $155,464,351 ","  $288,693,989 "
2/13/2020,2020,Sonic The Hedgehog,"  $90,000,000 ","  $146,066,470 ","  $304,962,094 "
4/8/2011,2011,Rio,"  $90,000,000 ","  $143,619,809 ","  $487,519,809 "
7/24/2019,2019,Once Upon a Time…in Hollywood,"  $90,000,000 ","  $142,502,728 ","  $377,562,039 "
10/6/2006,2006,The Departed,"  $90,000,000 ","  $132,384,315 ","  $289,660,619 "
11/3/2000,2000,Charlie s Angels,"  $90,000,000 ","  $125,305,545 ","  $259,736,090 "
6/19/1998,1998,Mulan,"  $90,000,000 ","  $120,620,254 ","  $303,500,000 "
8/13/2008,2008,Tropic Thunder,"  $90,000,000 ","  $110,515,313 ","  $191,145,256 "
12/20/2011,2011,The Girl with the Dragon Tattoo,"  $90,000,000 ","  $102,515,793 ","  $239,373,970 "
7/11/1997,1997,Contact,"  $90,000,000 ","  $100,920,329 ","  $165,900,000 "
6/6/2008,2008,You Don t Mess With the Zohan,"  $90,000,000 ","  $100,018,837 ","  $202,910,991 "
5/19/1995,1995,Die Hard: With a Vengeance,"  $90,000,000 ","  $100,012,499 ","  $366,101,666 "
9/12/2016,2016,The Magnificent Seven,"  $90,000,000 ","  $93,432,655 ","  $162,136,124 "
12/18/2015,2015,Alvin and the Chipmunks: The Road Chip,"  $90,000,000 ","  $85,886,987 ","  $249,517,956 "
6/8/2001,2001,Atlantis: The Lost Empire,"  $90,000,000 ","  $84,052,762 ","  $186,049,020 "
12/25/2008,2008,Valkyrie,"  $90,000,000 ","  $83,107,829 ","  $203,932,174 "
7/16/2015,2015,Pixels,"  $90,000,000 ","  $78,765,986 ","  $244,041,804 "
6/29/2001,2001,Artificial Intelligence: AI,"  $90,000,000 ","  $78,616,689 ","  $235,900,000 "
11/26/2003,2003,The Haunted Mansion,"  $90,000,000 ","  $75,817,994 ","  $155,750,628 "
8/4/2000,2000,Hollow Man,"  $90,000,000 ","  $73,209,340 ","  $191,200,000 "
4/22/2005,2005,The Interpreter,"  $90,000,000 ","  $72,708,161 ","  $162,753,837 "
8/7/2013,2013,Percy Jackson: Sea of Monsters,"  $90,000,000 ","  $68,559,554 ","  $200,859,554 "
7/25/2003,2003,Lara Croft: Tomb Raider: The Cradle of Life,"  $90,000,000 ","  $65,653,758 ","  $157,092,943 "
5/27/2016,2016,Now You See Me 2,"  $90,000,000 ","  $65,075,540 ","  $328,325,007 "
11/21/2001,2001,Spy Game,"  $90,000,000 ","  $62,362,560 ","  $143,049,560 "
4/4/1997,1997,The Saint,"  $90,000,000 ","  $61,363,304 ","  $169,400,000 "
3/10/2000,2000,Mission to Mars,"  $90,000,000 ","  $60,874,615 ","  $106,000,000 "
3/6/2018,2018,Tomb Raider,"  $90,000,000 ","  $58,250,803 ","  $273,477,501 "
12/17/1999,1999,Bicentennial Man,"  $90,000,000 ","  $58,220,776 ","  $87,420,776 "
7/7/2004,2004,King Arthur,"  $90,000,000 ","  $51,877,963 ","  $203,653,524 "
4/25/1997,1997,Volcano,"  $90,000,000 ","  $47,546,796 ","  $120,100,000 "
3/26/1997,1997,The Devil s Own,"  $90,000,000 ","  $42,885,593 ","  $140,900,000 "
7/19/2002,2002,K-19: The Widowmaker,"  $90,000,000 ","  $35,168,966 ","  $65,716,126 "
8/19/2011,2011,Conan the Barbarian,"  $90,000,000 ","  $21,295,021 ","  $63,356,133 "
10/21/2011,2011,The Three Musketeers,"  $90,000,000 ","  $20,377,913 ","  $139,877,913 "
4/21/2017,2017,The Promise,"  $90,000,000 ","  $8,224,288 ","  $10,551,417 "
11/24/2010,2010,The Nutcracker in 3D,"  $90,000,000 ","  $195,459 ","  $20,466,016 "
12/13/2017,2017,Bright,"  $90,000,000 ",  $0 ,  $0 
5/14/2021,2021,Army of the Dead,"  $90,000,000 ",  $0 ,  $0 
5/10/1996,1996,Twister,"  $88,000,000 ","  $241,688,385 ","  $495,700,000 "
6/3/2005,2005,Cinderella Man,"  $88,000,000 ","  $61,649,911 ","  $105,021,488 "
9/11/2018,2018,The Predator,"  $88,000,000 ","  $51,024,708 ","  $159,487,563 "
7/8/2005,2005,Fantastic Four,"  $87,500,000 ","  $154,696,080 ","  $333,132,750 "
2/9/2001,2001,Hannibal,"  $87,000,000 ","  $165,092,266 ","  $350,100,280 "
7/25/2003,2003,Seabiscuit,"  $86,000,000 ","  $120,277,854 ","  $148,715,342 "
12/22/2000,2000,Cast Away,"  $85,000,000 ","  $233,632,142 ","  $427,230,516 "
11/17/2006,2006,Happy Feet,"  $85,000,000 ","  $198,000,317 ","  $385,000,317 "
12/7/2001,2001,Ocean s Eleven,"  $85,000,000 ","  $183,417,150 ","  $450,728,529 "
7/23/2004,2004,The Bourne Supremacy,"  $85,000,000 ","  $176,087,450 ","  $311,001,124 "
7/25/1997,1997,Air Force One,"  $85,000,000 ","  $172,956,409 ","  $315,268,353 "
4/2/2009,2009,Fast & Furious,"  $85,000,000 ","  $155,064,265 ","  $359,347,833 "
3/14/2008,2008,Horton Hears a Who,"  $85,000,000 ","  $154,529,439 ","  $299,477,886 "
3/21/2014,2014,Divergent,"  $85,000,000 ","  $150,947,895 ","  $276,014,965 "
9/27/2012,2012,Hotel Transylvania,"  $85,000,000 ","  $148,313,048 ","  $378,659,142 "
4/3/2019,2019,Shazam!,"  $85,000,000 ","  $140,371,656 ","  $363,664,533 "
11/21/2007,2007,Enchanted,"  $85,000,000 ","  $127,706,877 ","  $340,384,141 "
2/8/2012,2012,Safe House,"  $85,000,000 ","  $126,181,630 ","  $207,884,401 "
7/20/2007,2007,I Now Pronounce You Chuck and Larry,"  $85,000,000 ","  $119,725,280 ","  $185,708,462 "
6/8/2007,2007,Ocean s Thirteen,"  $85,000,000 ","  $117,144,465 ","  $311,744,465 "
12/25/2009,2009,It’s Complicated,"  $85,000,000 ","  $112,735,375 ","  $224,614,744 "
11/20/1998,1998,Enemy of the State,"  $85,000,000 ","  $111,549,836 ","  $250,649,836 "
9/29/2006,2006,Open Season,"  $85,000,000 ","  $85,105,259 ","  $191,932,158 "
11/4/2011,2011,Tower Heist,"  $85,000,000 ","  $78,046,570 ","  $150,422,946 "
11/22/2000,2000,102 Dalmatians,"  $85,000,000 ","  $66,941,559 ","  $66,941,559 "
3/15/2012,2012,Mirror Mirror,"  $85,000,000 ","  $64,935,167 ","  $173,613,482 "
12/8/2006,2006,The Holiday,"  $85,000,000 ","  $63,280,000 ","  $205,190,324 "
6/15/2006,2006,The Fast and the Furious: Tokyo Drift,"  $85,000,000 ","  $62,615,510 ","  $157,794,205 "
12/9/2005,2005,Memoirs of a Geisha,"  $85,000,000 ","  $57,010,853 ","  $161,510,853 "
3/16/2001,2001,Enemy at the Gates,"  $85,000,000 ","  $51,396,781 ","  $96,971,293 "
6/18/1993,1993,Last Action Hero,"  $85,000,000 ","  $50,016,394 ","  $137,298,489 "
9/26/2003,2003,The Rundown,"  $85,000,000 ","  $47,641,743 ","  $80,831,893 "
11/11/2011,2011,Arthur Christmas,"  $85,000,000 ","  $46,462,469 ","  $148,947,564 "
1/19/2017,2017,xXx: Return of Xander Cage,"  $85,000,000 ","  $44,898,413 ","  $345,033,359 "
11/13/1998,1998,Meet Joe Black,"  $85,000,000 ","  $44,650,003 ","  $44,650,003 "
7/30/2010,2010,Cats & Dogs: The Revenge of Kitty Galore,"  $85,000,000 ","  $43,585,753 ","  $113,026,383 "
2/8/2002,2002,Collateral Damage,"  $85,000,000 ","  $40,048,332 ","  $78,353,508 "
3/15/2002,2002,Showtime,"  $85,000,000 ","  $37,948,765 ","  $78,948,765 "
6/30/1995,1995,Judge Dredd,"  $85,000,000 ","  $34,687,912 ","  $113,487,912 "
3/2/2007,2007,Zodiac,"  $85,000,000 ","  $33,080,084 ","  $83,080,084 "
8/13/2010,2010,Scott Pilgrim vs. The World,"  $85,000,000 ","  $32,841,100 ","  $49,286,548 "
3/28/2003,2003,The Core,"  $85,000,000 ","  $31,111,260 ","  $74,120,792 "
5/9/1997,1997,Father s Day,"  $85,000,000 ","  $28,681,080 ","  $35,681,080 "
12/11/2017,2017,The Greatest Showman,"  $84,000,000 ","  $174,340,174 ","  $435,627,917 "
6/14/2002,2002,Scooby-Doo,"  $84,000,000 ","  $153,294,164 ","  $276,294,164 "
7/28/2000,2000,Nutty Professor II: The Klumps,"  $84,000,000 ","  $123,307,945 ","  $166,307,945 "
7/19/2013,2013,RED 2,"  $84,000,000 ","  $53,262,560 ","  $141,507,355 "
6/23/2006,2006,Click,"  $82,500,000 ","  $137,355,633 ","  $237,685,089 "
12/15/2006,2006,Charlotte\ s Web,"  $82,500,000 ","  $82,985,708 ","  $143,985,708 "
2/14/2008,2008,Jumper,"  $82,500,000 ","  $80,172,128 ","  $222,640,812 "
7/11/2008,2008,Hellboy II: The Golden Army,"  $82,500,000 ","  $75,986,503 ","  $160,388,063 "
5/27/2005,2005,The Longest Yard,"  $82,000,000 ","  $158,119,460 ","  $191,558,505 "
8/13/2010,2010,The Expendables,"  $82,000,000 ","  $103,068,524 ","  $268,268,174 "
2/5/2020,2020,Birds of Prey (And the Fantabulous Emancipation…,"  $82,000,000 ","  $84,158,461 ","  $201,852,140 "
7/1/2021,2021,The Boss Baby: Family Business,"  $82,000,000 ","  $44,641,675 ","  $47,612,675 "
11/17/2000,2000,The 6th Day,"  $82,000,000 ","  $34,543,701 ","  $96,024,898 "
5/23/2003,2003,Bruce Almighty,"  $81,000,000 ","  $242,704,995 ","  $484,468,608 "
3/8/2012,2012,The Hunger Games,"  $80,000,000 ","  $408,010,692 ","  $677,923,379 "
5/26/2011,2011,The Hangover Part II,"  $80,000,000 ","  $254,464,305 ","  $586,764,305 "
5/21/1996,1996,Mission: Impossible,"  $80,000,000 ","  $180,981,886 ","  $457,697,994 "
2/2/2017,2017,The Lego Batman Movie,"  $80,000,000 ","  $175,750,384 ","  $310,570,560 "
9/23/2015,2015,Hotel Transylvania 2,"  $80,000,000 ","  $169,700,110 ","  $469,500,298 "
6/18/1992,1992,Batman Returns,"  $80,000,000 ","  $162,833,635 ","  $266,824,291 "
5/24/2019,2019,The Secret Life of Pets 2,"  $80,000,000 ","  $158,874,395 ","  $446,275,086 "
5/7/1999,1999,The Mummy,"  $80,000,000 ","  $155,385,488 ","  $416,385,488 "
5/19/2006,2006,Over the Hedge,"  $80,000,000 ","  $155,019,340 ","  $343,397,247 "
6/21/2002,2002,Lilo & Stitch,"  $80,000,000 ","  $145,771,527 ","  $245,800,000 "
5/8/1998,1998,Deep Impact,"  $80,000,000 ","  $140,464,664 ","  $349,464,664 "
7/12/2013,2013,Grown Ups 2,"  $80,000,000 ","  $133,668,525 ","  $247,023,808 "
12/14/2011,2011,Alvin and the Chipmunks: Chipwrecked,"  $80,000,000 ","  $133,107,389 ","  $349,088,523 "
6/20/2008,2008,Get Smart,"  $80,000,000 ","  $130,319,208 ","  $226,739,416 "
3/11/2005,2005,Robots,"  $80,000,000 ","  $128,200,012 ","  $260,636,271 "
2/19/2010,2010,Shutter Island,"  $80,000,000 ","  $128,012,934 ","  $299,461,782 "
12/12/2003,2003,Something s Gotta Give,"  $80,000,000 ","  $124,685,242 ","  $266,685,242 "
11/26/2008,2008,Four Christmases,"  $80,000,000 ","  $120,146,040 ","  $168,311,558 "
6/27/1997,1997,Face/Off,"  $80,000,000 ","  $112,276,146 ","  $241,200,000 "
12/25/2008,2008,Bedtime Stories,"  $80,000,000 ","  $110,101,975 ","  $221,468,935 "
7/12/2002,2002,Road to Perdition,"  $80,000,000 ","  $104,054,514 ","  $183,354,514 "
2/11/2011,2011,Just Go With It,"  $80,000,000 ","  $103,028,109 ","  $214,974,953 "
2/14/2003,2003,Daredevil,"  $80,000,000 ","  $102,543,518 ","  $182,782,518 "
9/26/2008,2008,Eagle Eye,"  $80,000,000 ","  $101,440,743 ","  $180,585,259 "
6/6/1997,1997,Con Air,"  $80,000,000 ","  $101,117,573 ","  $224,117,573 "
12/17/2010,2010,Yogi Bear,"  $80,000,000 ","  $100,246,011 ","  $204,774,690 "
